split,model,calib,auroc,auroc_lo,auroc_hi,ece,ece_lo,ece_hi,brier,brier_lo,brier_hi,nll,nll_lo,nll_hi
hospital,lr,platt,0.8822478654020389,0.8683729422883005,0.8960085458370884,0.01470597024622961,0.010616310135830875,0.0211196924043623,0.058489449779075095,0.054252189501840034,0.06291221242330404,0.20707530861316503,0.1934754205795058,0.2207358311244068
hospital,rf,none,0.9041186520715415,0.8922511363288794,0.9155988944565973,0.06324890722055923,0.058579372526738664,0.06921851728341302,0.05816041949978521,0.05498430117358409,0.06131418370436979,0.21405970254073586,0.20555651636786557,0.22232333533533014
hospital,xgb,none,0.9058486063391915,0.8941109149749542,0.9173208603834688,0.00873948619501629,0.0070354370470448405,0.015476138188996914,0.05253598119873616,0.04868486097843424,0.05663802666793347,0.18563973176655338,0.17365373763696543,0.1984228371472223
hospital,lgbm,none,0.9070425101916336,0.8952005968715632,0.9184988788194561,0.010796308598285806,0.008472575533133485,0.01754518367045502,0.05205812673537563,0.04817952269297073,0.05600224775763175,0.18488070619275943,0.17287293122313294,0.19722245010583958
