split,n_features,mean_KS,mean_KL,label_prev_src,label_prev_tgt,delta_prev
hospital,92,0.043525006459125326,0.06501316572350058,0.089453044375645,0.09463096755914435,0.0051779231834993555
