{
  "scenario": "temporal",
  "mean_JS": 0.00015383946671765458,
  "mean_KS_cont": 0.008085932631214173,
  "mean_Wasserstein": 0.013057434324989332,
  "label_p_src": 0.08867902798571922,
  "label_p_tgt": 0.09050177510299394,
  "label_delta": 0.0018227471172747173,
  "label_pval": 0.15324813042390129
}