{
  "split": "random",
  "model": "lgbm_ensemble",
  "members": 5,
  "base": {
    "auroc": 0.8855140447187251,
    "ece": 0.13340293250568921,
    "brier": 0.09226282518937459,
    "nll": 0.29842114228696004,
    "acc": 0.8711042517176143,
    "mae": 0.1973080026113069
  },
  "platt": {
    "auroc": 0.8855140447187251,
    "ece": 0.04100108931112421,
    "brier": 0.05955508450879387,
    "nll": 0.2395002301559184,
    "acc": 0.9243254007766604,
    "mae": 0.09035178939711426
  },
  "isotonic": {
    "auroc": 0.8790413061077109,
    "ece": 0.037766260525720186,
    "brier": 0.05905161364565485,
    "nll": 0.3944266892889104,
    "acc": 0.9263666235188689,
    "mae": 0.08823797454994087
  },
  "var_stats": {
    "mean": 0.0011507141487213152,
    "median": 0.00025764525029333156
  }
}