{
  "scenario": "random",
  "mean_JS": 3.0691714959682374e-05,
  "mean_KS_cont": 0.003675775655405948,
  "mean_Wasserstein": 0.0072948708175312954,
  "label_p_src": 0.08963388450839209,
  "label_p_tgt": 0.0896395499352783,
  "label_delta": 5.6654268862088575e-06,
  "label_pval": 0.9971631811118165
}