{
  "scenario": "hospital",
  "mean_JS": 0.008992402983377725,
  "mean_KS_cont": 0.08468489004149164,
  "mean_Wasserstein": 0.15900553912631937,
  "label_p_src": 0.089453044375645,
  "label_p_tgt": 0.09463096755914435,
  "label_delta": 0.0051779231834993555,
  "label_pval": 0.13467141767167057
}