split,n_features,mean_KS,mean_KL,label_prev_src,label_prev_tgt,delta_prev
random,92,0.001220692491066095,0.00016698513875500206,0.08963388450839209,0.0896395499352783,5.6654268862088575e-06
