scenario,model,seed,auprc_none,auprc_platt,auroc_none,auroc_platt,brier_none,brier_platt,ece_none,ece_platt,nll_none,nll_platt
hospital,protoicl,42,0.4684338549569755,0.4684338549569755,0.8055456915928744,0.8055456915928744,0.0698124368447743,0.0677222296893664,0.030965282070835,0.022001985948294,0.2841733266174071,0.2474467295901594
hospital,protoicl_plus,42,0.5352973764781357,0.5352973764781357,0.8528293905070474,0.8528293905070474,0.0616371965888874,0.0617057138132066,0.0160667259858678,0.0246906592290782,0.2355306480510787,0.2253781268402627
random,protoicl,42,0.4021513780488667,0.4021513780488667,0.8029658308237624,0.8029658308237624,0.0692708519572111,0.0674711999114848,0.0328590812703326,0.0221368497680212,0.2848620016599223,0.2478805109025492
random,protoicl_plus,42,0.4832089113595014,0.4832089113595014,0.8516745312065664,0.8516745312065664,0.0612471004087702,0.0623124182235948,0.0090609029280804,0.0271941968643213,0.2352719260585709,0.2263083136283444
temporal,protoicl,42,0.396760968156089,0.396760968156089,0.8069694104822139,0.8069694104822139,0.0693317010248714,0.0688350941953166,0.0309568733232689,0.0252181224643606,0.2886522081075721,0.2508311989405506
temporal,protoicl_plus,42,0.4813895094895964,0.4813895025030023,0.8484852706007695,0.8484852689586823,0.0620790811227349,0.0627591472090582,0.0119047786966461,0.024086324734503,0.242119723845291,0.2275675636842745
