scenario,Htgt,model,seed,source,calib,calib_tag,feat,feat_select,n_features,auroc,auprc,brier,nll,ece,tau,f1_at_tau,balacc_at_tau
hospital,hospital,xgb,42,tuned,platt,platt,none,none,92,0.9026724754215556,0.6370800290079948,0.05579136623747503,0.20537708421133727,0.023448617640211982,0.5,0.5418250950570342,0.7055780865120018
