scenario,Htgt,model,seed,source,calib,calib_tag,feat,feat_select,n_features,auroc,auprc,brier,nll,ece,tau,f1_at_tau,balacc_at_tau
temporal,temporal,xgb,42,tuned,platt,platt,none,none,92,0.8870180133721244,0.5702890570287027,0.061378347879910894,0.23394707380426286,0.035911592718810295,0.5,0.5124371859296483,0.7018794053202801
