scenario,Htgt,model,seed,source,calib,calib_tag,feat,feat_select,n_features,auroc,auprc,brier,nll,ece,tau,f1_at_tau,balacc_at_tau
temporal,temporal,xgb,42,tuned,none,none,none,none,92,0.887018005709051,0.5702884991905419,0.055740662092613504,0.19772065930713661,0.006928956234008326,0.5,0.47191331622469346,0.667410492740788
