{
  "split": "hospital",
  "model": "lgbm_ensemble",
  "members": 5,
  "base": {
    "auroc": 0.893377616539726,
    "ece": 0.14292196731669649,
    "brier": 0.09193660033209247,
    "nll": 0.29832716266568227,
    "acc": 0.8706615667941635,
    "mae": 0.2070269105835453
  },
  "platt": {
    "auroc": 0.893377616539726,
    "ece": 0.036598272117521556,
    "brier": 0.056228230077767276,
    "nll": 0.22844943776367346,
    "acc": 0.9310100580818813,
    "mae": 0.08704412389526105
  },
  "isotonic": {
    "auroc": 0.889386693675706,
    "ece": 0.03204356752791128,
    "brier": 0.05568558412765613,
    "nll": 0.34067180505584227,
    "acc": 0.9329933418331209,
    "mae": 0.08481939211677889
  },
  "var_stats": {
    "mean": 0.0013031549884903529,
    "median": 0.000338038971494088
  }
}