{
  "split": "temporal",
  "model": "lgbm_ensemble",
  "members": 5,
  "base": {
    "auroc": 0.8742111435170079,
    "ece": 0.10015573892460966,
    "brier": 0.08265649856999398,
    "nll": 0.27300011598642454,
    "acc": 0.8850264841569685,
    "mae": 0.1738531048123783
  },
  "platt": {
    "auroc": 0.8742111435170079,
    "ece": 0.05345384349702601,
    "brier": 0.06452350827971477,
    "nll": 0.3067556761777855,
    "acc": 0.9226738556755834,
    "mae": 0.08532095660711307
  },
  "isotonic": {
    "auroc": 0.8274799105742978,
    "ece": 0.05342857810901565,
    "brier": 0.06500354801379774,
    "nll": 0.9803355769250756,
    "acc": 0.9246293167277353,
    "mae": 0.08329537237080444
  },
  "var_stats": {
    "mean": 0.001418729974674134,
    "median": 0.0002138435090699267
  }
}