split,n_features,mean_KS,mean_KL,label_prev_src,label_prev_tgt,delta_prev
temporal,92,0.0041179043948044594,0.00043340420709413104,0.08867902798571922,0.09050177510299394,0.0018227471172747173
